Core Based Statistical Area (CBSA),2010 Population,CBSA Code,CO           8-hr (ppm),Pb          3-mo (µg/m3),NO2      AM (ppb),NO2          1-hr (ppb),O3            8-hr (ppm),PM10         24-hr (µg/m3) ,PM2.5         Wtd AM (µg/m3) ,PM2.5         24-hr (µg/m3) ,SO2         1-hr (ppb)
"Aberdeen, SD",40602,10100,ND,ND,ND,ND,ND,106,4.2,15,ND
"Aberdeen, WA",72797,10140,ND,ND,ND,ND,ND,ND,IN,IN,ND
"Ada, OK",37492,10220,ND,ND,ND,ND,ND,45,ND,ND,ND
"Adjuntas, PR",19483,10260,ND,ND,ND,ND,ND,ND,IN,IN,ND
"Adrian, MI",99892,10300,ND,ND,ND,ND,0.065,ND,8.3,23,ND
"Aguadilla-Isabela, PR",339441,10380,ND,ND,ND,ND,ND,ND,IN,IN,ND
"Akron, OH",703200,10420,ND,ND,ND,ND,0.071,ND,7.9,19,6
"Albany, GA",157308,10500,ND,ND,ND,ND,ND,ND,8.3,17,ND
"Albany, OR",116672,10540,ND,ND,ND,ND,ND,ND,IN,IN,ND
"Albany-Schenectady-Troy, NY",870716,10580,ND,ND,ND,ND,0.06,ND,6.7,17,ND
"Albert Lea, MN",31255,10660,ND,ND,ND,ND,ND,ND,IN,IN,ND
"Albuquerque, NM",887077,10740,2,ND,9,44,0.074,449,10.7,31,3
"Alexandria, LA",153922,10780,ND,ND,ND,ND,ND,ND,7.7,17,ND
"Alexandria, MN",36009,10820,ND,ND,ND,ND,ND,ND,IN,IN,ND
"Allentown-Bethlehem-Easton, PA-NJ",821173,10900,ND,0.02,11,40,0.063,39,8.6,24,5
"Alpena, MI",29598,10980,ND,ND,ND,ND,ND,ND,IN,IN,ND
"Altoona, PA",127089,11020,ND,ND,ND,ND,0.062,ND,IN,IN,6
"Amarillo, TX",251933,11100,ND,ND,ND,ND,0.071,ND,6.2,16,158
"Americus, GA",37829,11140,ND,ND,ND,ND,0.059,ND,ND,ND,ND
"Ames, IA",89542,11180,ND,ND,ND,ND,ND,ND,IN,IN,ND
"Anchorage, AK",380821,11260,2,ND,ND,ND,ND,101,4.9,24,ND
"Ann Arbor, MI",344791,11460,ND,ND,ND,ND,0.067,ND,8.9,26,ND
"Appleton, WI",225666,11540,ND,ND,ND,ND,0.063,ND,7.6,20,82
"Ardmore, OK",47557,11620,ND,ND,ND,ND,0.075,ND,7.7,23,ND
"Arecibo, PR",199471,11640,ND,0.35,ND,ND,ND,ND,ND,ND,ND
"Arkadelphia, AR",22995,11660,ND,ND,ND,ND,0.06,ND,ND,ND,ND
"Asheville, NC",424858,11700,ND,ND,ND,ND,0.064,ND,5.8,12,35
"Ashtabula, OH",101497,11780,ND,ND,ND,ND,0.073,ND,ND,ND,ND
"Athens, OH",64757,11900,ND,ND,ND,ND,ND,ND,5.5,13,ND
"Athens, TN",52266,11940,ND,ND,ND,ND,ND,ND,7.7,16,ND
"Athens-Clarke County, GA",192541,12020,ND,ND,ND,ND,0.063,ND,9.1,22,ND
"Atlanta-Sandy Springs-Roswell, GA",5286728,12060,2,ND,16,52,0.069,48,8.9,19,4
"Atlantic City-Hammonton, NJ",274549,12100,ND,ND,ND,ND,0.06,ND,6.1,13,1
"Augusta-Richmond County, GA-SC",564873,12260,ND,ND,ND,ND,0.062,42,8.5,18,53
"Augusta-Waterville, ME",122151,12300,ND,ND,ND,ND,0.054,37,4.9,14,ND
"Austin-Round Rock, TX",1716289,12420,1,ND,13,IN,0.073,57,9.5,23,IN
"Bakersfield, CA",839631,12540,1,ND,22,55,0.087,243,16.6,52,ND
"Baltimore-Columbia-Towson, MD",2710489,12580,1,ND,15,44,0.069,20,6.9,16,3
"Bangor, ME",153923,12620,ND,ND,ND,ND,0.059,47,4.8,12,ND
"Baraboo, WI",61976,12660,ND,ND,ND,ND,0.06,55,7.3,19,ND
"Barnstable Town, MA",215888,12700,ND,ND,ND,ND,0.06,ND,ND,ND,ND
"Barre, VT",59534,12740,ND,ND,ND,ND,ND,ND,IN,IN,ND
"Bartlesville, OK",50976,12780,ND,ND,ND,ND,ND,ND,IN,IN,ND
"Baton Rouge, LA",802484,12940,1,0.01,8,43,0.072,68,9.1,20,20
"Bay City, MI",107771,13020,ND,ND,ND,ND,ND,ND,6.4,18,ND
"Beatrice, NE",22311,13100,ND,ND,ND,ND,ND,ND,IN,IN,ND
"Beaumont-Port Arthur, TX",403190,13140,ND,ND,6,34,0.065,ND,8.5,21,56
"Beaver Dam, WI",88759,13180,0,ND,ND,ND,0.065,60,7.4,20,2
"Beckley, WV",124898,13220,ND,ND,ND,ND,ND,ND,IN,IN,ND
"Bellingham, WA",201140,13380,ND,ND,ND,ND,0.048,ND,IN,IN,3
"Bemidji, MN",44442,13420,ND,ND,ND,ND,ND,ND,4.7,11,ND
"Bend-Redmond, OR",157733,13460,ND,ND,ND,ND,ND,ND,IN,IN,ND
"Bennington, VT",37125,13540,ND,ND,ND,ND,0.057,ND,5.5,12,ND
"Berlin, NH-VT",39361,13620,ND,ND,ND,ND,0.056,ND,IN,IN,ND
"Big Spring, TX",36238,13700,ND,ND,ND,ND,ND,ND,ND,ND,146
"Billings, MT",158934,13740,ND,ND,ND,ND,ND,ND,6.7,22,26
"Binghamton, NY",251725,13780,ND,ND,ND,ND,ND,ND,IN,IN,ND
"Birmingham-Hoover, AL",1128047,13820,1,ND,9,40,0.066,79,11.7,26,50
"Bishop, CA",3879,13860,0,ND,ND,ND,0.069,700,9.7,32,1
"Bismarck, ND",114778,13900,0,ND,4,32,0.056,83,8.1,21,10
"Blacksburg-Christiansburg-Radford, VA",178237,13980,ND,0,ND,ND,0.062,ND,ND,ND,62
"Bloomington, IL",186133,14010,ND,ND,ND,ND,0.069,ND,8.7,21,ND
"Bloomington, IN",159549,14020,ND,ND,ND,ND,0.063,ND,7.1,17,ND
"Bluefield, WV-VA",107342,14140,ND,ND,ND,ND,ND,ND,IN,IN,ND
"Blytheville, AR",46480,14180,ND,ND,ND,ND,ND,ND,IN,IN,ND
"Boise City, ID",616561,14260,1,ND,10,48,0.071,107,10.5,37,2
"Boone, NC",51079,14380,ND,ND,ND,ND,ND,ND,IN,IN,ND
"Borger, TX",22150,14420,ND,ND,ND,ND,ND,ND,ND,ND,107
"Boston-Cambridge-Newton, MA-NH",4552402,14460,1,ND,12,47,0.07,36,8.7,17,9
"Boulder, CO",294567,14500,ND,ND,ND,ND,0.072,42,6.6,24,ND
"Bowling Green, KY",158599,14540,0,ND,ND,ND,0.063,ND,7.4,16,2
"Bozeman, MT",89513,14580,1,ND,2,IN,ND,ND,3.6,15,ND
"Brainerd, MN",91067,14660,ND,ND,ND,ND,0.055,ND,5.9,16,ND
"Bremerton-Silverdale, WA",251133,14740,ND,ND,ND,ND,ND,ND,6.4,20,ND
"Bridgeport-Stamford-Norwalk, CT",916829,14860,ND,ND,8,39,0.081,37,7.6,20,3
"Brookings, SD",31965,15100,ND,ND,ND,ND,0.062,124,3.7,13,ND
"Brownsville-Harlingen, TX",406220,15180,ND,ND,ND,ND,0.057,ND,10.2,31,ND
"Brunswick, GA",112370,15260,ND,ND,ND,ND,0.056,ND,8.8,21,IN
"Buffalo-Cheektowaga-Niagara Falls, NY",1135509,15380,1,ND,10,51,0.068,60,6.6,17,11
"Burlington, NC",151131,15500,ND,ND,ND,ND,ND,ND,IN,IN,ND
"Burlington-South Burlington, VT",211261,15540,0,ND,ND,ND,0.057,14,6.8,14,IN
"Butte-Silver Bow, MT",34200,15580,ND,ND,ND,ND,ND,105,7.8,40,ND
"Cadillac, MI",47584,15620,ND,ND,1,8,0.073,ND,8.9,17,ND
"Cambridge, MD",32618,15700,ND,ND,ND,ND,0.062,ND,6.9,13,1
"Cambridge, OH",40087,15740,ND,ND,ND,ND,ND,ND,ND,ND,33
"Cañon City, CO",46824,15860,ND,ND,ND,ND,ND,106,ND,ND,ND
"Canton-Massillon, OH",404422,15940,ND,0.12,ND,ND,0.066,ND,8.7,23,ND
"Cape Coral-Fort Myers, FL",618754,15980,ND,ND,ND,ND,0.058,69,IN,IN,ND
"Carlsbad-Artesia, NM",53829,16100,ND,ND,5,32,0.083,ND,ND,ND,ND
"Carson City, NV",55274,16180,ND,ND,ND,ND,0.062,ND,5.7,41,ND
"Casper, WY",75450,16220,ND,ND,4,33,0.06,ND,3.3,9,8
"Cedar City, UT",46163,16260,ND,ND,6,38,0.061,ND,5.7,12,ND
"Cedar Rapids, IA",257940,16300,ND,ND,ND,ND,0.059,59,7.3,19,47
"Centralia, WA",75455,16500,ND,ND,ND,ND,ND,ND,IN,IN,ND
"Chambersburg-Waynesboro, PA",149618,16540,ND,ND,ND,ND,0.059,ND,ND,ND,ND
"Champaign-Urbana, IL",231891,16580,0,ND,ND,ND,0.068,ND,7.8,18,5
"Charleston, WV",227078,16620,1,ND,ND,ND,0.061,ND,7.3,15,5
"Charleston-North Charleston, SC",664607,16700,ND,ND,6,34,0.062,53,7.5,15,16
"Charlotte-Concord-Gastonia, NC-SC",2217012,16740,1,ND,10,37,0.068,35,8.4,18,2
"Charlottesville, VA",218705,16820,ND,ND,ND,ND,0.056,ND,7.7,15,ND
"Chattanooga, TN-GA",528143,16860,ND,ND,ND,ND,0.069,ND,10.4,22,ND
"Cheyenne, WY",91738,16940,0,ND,3,27,0.062,76,5.3,12,4
"Chicago-Naperville-Elgin, IL-IN-WI",9461105,16980,1,0.16,17,55,0.074,134,10,30,45
"Chico, CA",220000,17020,1,ND,5,26,0.067,61,7.7,27,ND
"Cincinnati, OH-KY-IN",2114580,17140,1,ND,18,55,0.07,119,10.4,22,24
"Claremont-Lebanon, NH-VT",218466,17200,ND,ND,ND,ND,0.054,ND,5.5,12,ND
"Clarksburg, WV",94196,17220,ND,ND,ND,ND,ND,ND,6.7,13,ND
"Clarksville, TN-KY",260625,17300,ND,ND,ND,ND,0.061,ND,9.3,21,ND
"Clearlake, CA",64665,17340,ND,ND,ND,ND,0.053,22,4.3,10,ND
"Cleveland, MS",34145,17380,ND,ND,ND,ND,0.063,ND,8.6,22,ND
"Cleveland-Elyria, OH",2077240,17460,3,0.02,10,49,0.076,77,11,27,28
"Clinton, IA",49116,17540,ND,ND,ND,ND,0.063,ND,8.1,22,75
"Coeur d'Alene, ID",138494,17660,ND,ND,ND,ND,ND,ND,IN,IN,ND
"College Station-Bryan, TX",228660,17780,ND,ND,ND,ND,ND,ND,7.8,22,12
"Colorado Springs, CO",645613,17820,1,ND,ND,ND,0.069,42,4.5,12,5
"Columbia, MO",162642,17860,ND,ND,ND,ND,0.057,ND,IN,IN,ND
"Columbia, SC",767598,17900,1,ND,3,30,0.064,32,7.1,12,IN
"Columbus, GA-AL",294865,17980,ND,ND,ND,ND,0.061,ND,9.1,24,ND
"Columbus, IN",76794,18020,ND,ND,ND,ND,0.066,ND,6.6,15,ND
"Columbus, MS",59779,18060,ND,ND,ND,ND,ND,ND,IN,IN,ND
"Columbus, OH",1901974,18140,1,IN,10,42,0.069,54,8.7,21,3
"Concord, NH",146445,18180,ND,ND,ND,ND,0.057,ND,IN,IN,33
"Cookeville, TN",106042,18260,ND,ND,ND,ND,ND,ND,6.3,16,ND
"Corning, NY",98990,18500,0,ND,ND,ND,0.055,ND,5.5,12,2
"Corpus Christi, TX",428185,18580,ND,ND,ND,ND,0.062,39,8.3,22,4
"Corsicana, TX",47735,18620,ND,ND,3,IN,0.066,ND,IN,IN,119
"Corvallis, OR",85579,18700,ND,ND,ND,ND,ND,ND,IN,IN,ND
"Crawfordsville, IN",38124,18820,ND,ND,ND,ND,ND,ND,IN,IN,ND
"Crescent City, CA",28610,18860,ND,ND,ND,ND,ND,ND,IN,IN,ND
"Crestview-Fort Walton Beach-Destin, FL",235865,18880,ND,ND,ND,ND,0.061,76,ND,ND,ND
"Cullowhee, NC",40271,19000,ND,ND,ND,ND,ND,ND,IN,IN,ND
"Dallas-Fort Worth-Arlington, TX",6426214,19100,1,0.01,14,52,0.082,82,9.8,27,16
"Dalton, GA",142227,19140,ND,ND,ND,ND,0.066,ND,ND,ND,ND
"Danville, VA",106561,19260,ND,ND,2,IN,ND,ND,ND,ND,ND
"Daphne-Fairhope-Foley, AL",182265,19300,ND,ND,ND,ND,0.063,ND,7.3,15,ND
"Davenport-Moline-Rock Island, IA-IL",379690,19340,1,ND,ND,ND,0.061,126,8.8,22,3
"Dayton, OH",799232,19380,0,ND,ND,ND,0.069,66,8.7,20,7
"Decatur, AL",153829,19460,ND,ND,ND,ND,0.065,ND,8.5,21,ND
"Decatur, IL",110768,19500,ND,ND,ND,ND,0.065,ND,8.7,20,55
"Deltona-Daytona Beach-Ormond Beach, FL",590289,19660,ND,ND,ND,ND,0.06,54,8.4,17,ND
"Deming, NM",25095,19700,ND,ND,ND,ND,ND,336,ND,ND,ND
"Denver-Aurora-Lakewood, CO",2543482,19740,2,ND,24,63,0.078,89,7.4,18,5
"Des Moines-West Des Moines, IA",569633,19780,ND,ND,6,35,0.057,62,7,17,ND
"Detroit-Warren-Dearborn, MI",4296250,19820,2,0.04,14,51,0.071,77,12,33,108
"Dickinson, ND",24199,19860,ND,ND,ND,ND,0.053,ND,5.5,13,5
"Dodge City, KS",33848,19980,ND,ND,ND,ND,ND,164,ND,ND,ND
"Dothan, AL",145639,20020,ND,ND,ND,ND,ND,ND,IN,IN,ND
"Douglas, GA",42356,20060,ND,ND,ND,ND,ND,ND,7,18,ND
"Dover, DE",162310,20100,ND,ND,ND,ND,0.052,ND,IN,IN,ND
"DuBois, PA",81642,20180,ND,ND,ND,ND,0.055,ND,ND,ND,ND
"Duluth, MN-WI",279771,20260,ND,0.03,5,IN,0.052,64,3,13,16
"Durango, CO",51334,20420,0,ND,4,18,0.067,ND,IN,IN,ND
"Durham-Chapel Hill, NC",504357,20500,ND,ND,ND,ND,0.062,28,6.7,13,3
"Dyersburg, TN",38335,20540,ND,ND,ND,ND,ND,ND,7.5,19,ND
"Eagle Pass, TX",54258,20580,ND,ND,ND,ND,ND,ND,7.6,23,ND
"East Stroudsburg, PA",169842,20700,ND,ND,ND,ND,0.06,ND,IN,IN,ND
"Eau Claire, WI",161151,20740,ND,ND,ND,ND,0.058,61,7.2,19,ND
"Effingham, IL",34242,20820,ND,ND,ND,ND,0.067,ND,ND,ND,ND
"El Centro, CA",174528,20940,3,ND,10,49,0.075,765,11,32,6
"El Dorado, AR",41639,20980,ND,ND,ND,ND,ND,ND,9.1,27,ND
"Elizabeth City, NC",64094,21020,ND,ND,ND,ND,ND,ND,IN,IN,ND
"Elizabethtown-Fort Knox, KY",148338,21060,ND,ND,ND,ND,0.063,ND,8,17,ND
"Elkhart-Goshen, IN",197559,21140,ND,ND,ND,ND,0.06,ND,8.5,30,ND
"Elko, NV",50805,21220,ND,ND,ND,ND,ND,176,ND,ND,ND
"Ellensburg, WA",40915,21260,ND,ND,ND,ND,ND,ND,7.1,25,ND
"El Paso, TX",804123,21340,2,ND,13,53,0.079,88,9.2,20,5
"Enid, OK",60580,21420,ND,ND,ND,ND,ND,ND,IN,IN,38
"Erie, PA",280566,21500,1,ND,5,34,0.059,32,7.1,17,ND
"Española, NM",40246,21580,ND,ND,ND,ND,0.062,ND,ND,ND,ND
"Eugene, OR",351715,21660,ND,ND,ND,ND,0.059,350,23.3,247,ND
"Eureka-Arcata-Fortuna, CA",134623,21700,1,ND,2,15,0.035,53,6.8,20,1
"Evanston, WY",21118,21740,ND,ND,ND,ND,ND,60,ND,ND,ND
"Evansville, IN-KY",311552,21780,1,ND,5,30,0.068,81,9.8,23,73
"Fairbanks, AK",97581,21820,3,ND,ND,ND,0.055,171,12.7,84,33
"Fairmont, WV",56418,21900,ND,ND,ND,ND,ND,ND,7.1,15,ND
"Fallon, NV",24877,21980,ND,ND,ND,ND,0.059,ND,ND,ND,ND
"Fargo, ND-MN",208777,22020,ND,ND,4,32,0.055,ND,7.6,22,4
"Farmington, NM",130044,22140,ND,ND,9,32,0.069,270,IN,IN,5
"Fayetteville, NC",366383,22180,ND,ND,ND,ND,0.068,40,7.7,15,IN
"Fayetteville-Springdale-Rogers, AR-MO",463204,22220,ND,ND,ND,ND,0.067,37,7.3,20,ND
"Fergus Falls, MN",57303,22260,ND,ND,ND,ND,ND,ND,IN,IN,ND
"Fernley, NV",51980,22280,ND,ND,ND,ND,0.061,ND,ND,ND,ND
"Findlay, OH",74782,22300,ND,ND,ND,ND,ND,ND,ND,ND,13
"Flagstaff, AZ",134421,22380,ND,ND,ND,ND,0.066,ND,IN,IN,ND
"Flint, MI",425790,22420,ND,ND,ND,ND,0.067,ND,8.2,20,ND
"Florence, SC",205566,22500,ND,0,ND,ND,0.061,ND,8.3,15,ND
"Florence-Muscle Shoals, AL",147137,22520,ND,ND,ND,ND,ND,ND,IN,IN,ND
"Fond du Lac, WI",101633,22540,ND,ND,ND,ND,0.064,ND,ND,ND,ND
"Fort Collins, CO",299630,22660,1,ND,ND,ND,0.073,ND,6.5,17,ND
"Fort Madison-Keokuk, IA-IL-MO",62105,22800,ND,ND,ND,ND,ND,ND,IN,IN,ND
"Fort Payne, AL",14101,22840,ND,ND,ND,ND,0.061,ND,6.9,14,ND
"Fort Smith, AR-OK",280467,22900,ND,ND,5,IN,0.06,ND,7.5,22,ND
"Fort Wayne, IN",416257,23060,ND,ND,ND,ND,0.069,ND,8.5,23,ND
"Frankfort, KY",70706,23180,ND,ND,ND,ND,ND,ND,IN,IN,ND
"Fresno, CA",930450,23420,2,ND,20,53,0.081,172,14.8,43,IN
"Gadsden, AL",104430,23460,ND,ND,ND,ND,0.062,ND,8.2,18,ND
"Gainesville, FL",264275,23540,ND,ND,ND,ND,0.058,ND,7,13,ND
"Gainesville, GA",179684,23580,ND,ND,ND,ND,ND,ND,8.8,18,ND
"Gardnerville Ranchos, NV",46997,23820,ND,ND,ND,ND,ND,ND,6.1,27,ND
"Georgetown, SC",60158,23860,ND,ND,ND,ND,ND,ND,IN,IN,ND
"Gettysburg, PA",101407,23900,0,ND,3,15,0.061,ND,8.4,20,IN
"Gillette, WY",46133,23940,ND,ND,1,6,0.061,260,6,22,ND
"Glenwood Springs, CO",73537,24060,ND,ND,ND,ND,0.059,55,IN,IN,ND
"Goldsboro, NC",122623,24140,ND,ND,ND,ND,ND,ND,IN,IN,ND
"Grand Forks, ND-MN",98461,24220,ND,ND,ND,ND,ND,ND,IN,IN,ND
"Grand Island, NE",81850,24260,ND,ND,ND,ND,ND,ND,5.7,16,ND
"Grand Junction, CO",146723,24300,ND,ND,ND,ND,0.062,72,5.2,15,ND
"Grand Rapids-Wyoming, MI",988938,24340,1,ND,7,36,0.071,53,9.4,25,3
"Grants Pass, OR",82713,24420,ND,ND,ND,ND,ND,ND,9.6,28,ND
"Great Falls, MT",81327,24500,ND,ND,ND,ND,ND,ND,IN,IN,ND
"Greeley, CO",252825,24540,1,ND,8,47,0.073,ND,6.8,22,ND
"Green Bay, WI",306241,24580,ND,ND,ND,ND,0.072,ND,7.4,20,6
"Greenfield Town, MA",71372,24640,ND,ND,ND,ND,0.06,ND,7.2,19,ND
"Greensboro-High Point, NC",723801,24660,ND,ND,ND,ND,0.063,24,8.3,16,ND
"Greenville, NC",168148,24780,ND,ND,ND,ND,0.06,ND,6,12,ND
"Greenville-Anderson-Mauldin, SC",824112,24860,ND,ND,7,40,0.066,36,8.4,19,2
"Greenwood, SC",95078,24940,ND,ND,ND,ND,ND,ND,IN,IN,ND
"Grenada, MS",21906,24980,ND,ND,ND,ND,ND,ND,IN,IN,ND
"Guayama, PR",84214,25020,ND,ND,ND,ND,ND,45,IN,IN,IN
"Gulfport-Biloxi-Pascagoula, MS",370702,25060,ND,ND,3,30,0.065,ND,8.9,20,5
"Hagerstown-Martinsburg, MD-WV",251599,25180,ND,ND,ND,ND,0.061,ND,8.2,20,ND
"Hammond, LA",121097,25220,ND,ND,ND,ND,ND,ND,7.7,17,ND
"Hanford-Corcoran, CA",152982,25260,ND,ND,8,41,0.075,247,14.7,43,ND
"Harrisburg-Carlisle, PA",549475,25420,ND,ND,ND,ND,0.063,36,9.8,25,ND
"Harrison, AR",45233,25460,ND,ND,ND,ND,0.064,ND,ND,ND,ND
"Harrisonburg, VA",125228,25500,ND,ND,8,36,0.056,ND,6.5,13,2
"Hartford-West Hartford-East Hartford, CT",1212381,25540,1,ND,13,42,0.074,46,7.2,18,ND
"Hattiesburg, MS",142842,25620,ND,ND,ND,ND,ND,ND,10.2,23,ND
"Helena, MT",74801,25740,1,ND,ND,ND,0.057,ND,8.4,34,1
"Helena-West Helena, AR",21757,25760,ND,ND,ND,ND,ND,ND,IN,IN,ND
"Hermiston-Pendleton, OR",87062,25840,ND,ND,ND,ND,0.064,ND,IN,IN,ND
"Hickory-Lenoir-Morganton, NC",365497,25860,ND,ND,ND,ND,0.06,24,7.9,17,2
"Hilo, HI",185079,25900,ND,ND,ND,ND,ND,ND,4.7,9,229
"Hilton Head Island-Bluffton-Beaufort, SC",187010,25940,ND,ND,ND,ND,ND,ND,IN,IN,ND
"Hobbs, NM",64727,26020,ND,ND,4,32,0.072,ND,6.8,22,ND
"Holland, MI",111408,26090,ND,ND,ND,ND,0.073,ND,6.7,18,ND
"Homosassa Springs, FL",141236,26140,ND,ND,ND,ND,ND,ND,IN,IN,14
"Hot Springs, AR",96024,26300,ND,ND,ND,ND,ND,ND,IN,IN,ND
"Houma-Thibodaux, LA",208178,26380,ND,ND,ND,ND,0.059,ND,7.4,17,ND
"Houston-The Woodlands-Sugar Land, TX",5920416,26420,2,ND,18,59,0.084,140,11.8,27,14
"Huntington-Ashland, WV-KY-OH",364908,26580,ND,ND,6,31,0.062,50,7.8,17,7
"Huntsville, AL",417593,26620,ND,ND,ND,ND,0.065,66,7.4,16,ND
"Hutchinson, MN",36651,26780,ND,ND,ND,ND,ND,ND,IN,IN,ND
"Idaho Falls, ID",133265,26820,ND,ND,ND,ND,0.06,ND,IN,IN,ND
"Indiana, PA",88880,26860,ND,ND,ND,ND,0.059,ND,7.6,15,16
"Indianapolis-Carmel-Anderson, IN",1887877,26900,1,ND,11,43,0.072,100,12.2,31,7
"Ionia, MI",63905,26960,ND,0.06,ND,ND,ND,ND,ND,ND,ND
"Iowa City, IA",152586,26980,ND,ND,ND,ND,ND,ND,7.5,20,ND
"Iron Mountain, MI-WI",30591,27020,ND,ND,ND,ND,ND,ND,IN,IN,ND
"Ithaca, NY",101564,27060,ND,ND,ND,ND,0.059,ND,ND,ND,ND
"Jackson, MS",567122,27140,1,ND,ND,ND,0.062,102,9.9,26,2
"Jackson, TN",130011,27180,ND,ND,ND,ND,ND,ND,8,18,ND
"Jackson, WY-ID",31464,27220,0,ND,1,IN,0.058,48,4.1,12,ND
"Jacksonville, FL",1345596,27260,1,ND,10,42,0.064,66,8.8,19,41
"Jacksonville, NC",177772,27340,ND,ND,ND,ND,ND,ND,IN,IN,ND
"Jamestown-Dunkirk-Fredonia, NY",134905,27460,ND,ND,ND,ND,0.071,ND,5.6,15,ND
"Janesville-Beloit, WI",160331,27500,ND,ND,ND,ND,0.065,ND,IN,IN,ND
"Jasper, IN",54734,27540,ND,ND,ND,ND,ND,46,8.6,21,ND
"Jefferson City, MO",149807,27620,ND,ND,ND,ND,0.059,ND,ND,ND,ND
"Johnstown, PA",143679,27780,1,ND,6,34,0.063,31,10.2,23,12
"Jonesboro, AR",121026,27860,ND,ND,ND,ND,ND,ND,IN,IN,ND
"Joplin, MO",175518,27900,ND,ND,ND,ND,0.069,132,IN,IN,ND
"Juneau, AK",31275,27940,ND,ND,ND,ND,ND,38,5.3,23,ND
"Kahului-Wailuku-Lahaina, HI",154924,27980,ND,ND,ND,ND,ND,ND,4,8,ND
"Kalamazoo-Portage, MI",326589,28020,ND,ND,ND,ND,0.068,ND,10.3,29,ND
"Kalispell, MT",90928,28060,ND,ND,ND,ND,0.052,114,8.4,30,ND
"Kansas City, MO-KS",2009342,28140,1,ND,10,47,0.069,132,9,23,7
"Kapaa, HI",67091,28180,ND,ND,IN,IN,ND,ND,IN,IN,IN
"Keene, NH",77117,28300,ND,ND,ND,ND,0.059,ND,5.9,17,ND
"Kennewick-Richland, WA",253340,28420,ND,ND,ND,ND,0.064,125,IN,IN,ND
"Ketchikan, AK",13477,28540,ND,ND,ND,ND,ND,ND,IN,IN,ND
"Killeen-Temple, TX",405300,28660,ND,ND,IN,IN,0.069,ND,7,23,ND
"Kingsport-Bristol-Bristol, TN-VA",309544,28700,ND,0.04,ND,ND,0.063,ND,6.2,13,55
"Kingsville, TX",32477,28780,ND,ND,ND,ND,ND,ND,10.1,30,ND
"Kinston, NC",59495,28820,ND,ND,ND,ND,0.064,ND,IN,IN,ND
"Klamath Falls, OR",66380,28900,ND,ND,ND,ND,ND,ND,8.6,31,ND
"Knoxville, TN",837571,28940,0,0.04,1,IN,0.068,37,8.7,17,IN
"Kokomo, IN",82752,29020,ND,ND,ND,ND,0.071,ND,7.3,18,ND
"Laconia, NH",60088,29060,ND,ND,ND,ND,0.056,ND,4.5,11,ND
"La Crosse-Onalaska, WI-MN",133665,29100,ND,ND,ND,ND,0.056,ND,7.4,19,ND
"Lafayette, LA",466750,29180,ND,ND,ND,ND,0.065,84,7.9,17,ND
"Lafayette-West Lafayette, IN",201789,29200,ND,ND,ND,ND,0.066,ND,7.2,17,ND
"La Grande, OR",25748,29260,ND,ND,ND,ND,ND,44,IN,IN,ND
"Lake Charles, LA",199607,29340,ND,ND,5,29,0.065,104,7.6,23,23
"Lake City, FL",67531,29380,ND,ND,ND,ND,0.062,ND,ND,ND,ND
"Lake Havasu City-Kingman, AZ",200186,29420,ND,ND,ND,ND,ND,111,IN,IN,ND
"Lakeland-Winter Haven, FL",602095,29460,ND,ND,ND,ND,0.062,44,7.8,15,IN
"Lancaster, PA",519445,29540,ND,0.03,ND,ND,0.061,29,8.9,25,ND
"Lansing-East Lansing, MI",464036,29620,ND,ND,6,37,0.064,ND,8.7,23,6
"Laramie, WY",36299,29660,ND,ND,10,IN,0.067,169,3.9,10,IN
"Laredo, TX",250304,29700,IN,ND,ND,ND,ND,111,9.7,29,ND
"Las Cruces, NM",209233,29740,ND,ND,8,50,0.08,372,8.3,20,ND
"Las Vegas-Henderson-Paradise, NV",1951269,29820,2,ND,21,50,0.074,429,10.5,31,4
"Laurel, MS",84823,29860,ND,ND,ND,ND,ND,ND,IN,IN,ND
"Lawrenceburg, TN",41869,29980,ND,ND,ND,ND,ND,ND,5.4,14,ND
"Lawton, OK",130291,30020,ND,ND,ND,ND,0.068,ND,8.1,18,ND
"Lebanon, PA",133568,30140,ND,ND,ND,ND,0.058,ND,7.5,21,ND
"Lewiston, ID-WA",60888,30300,ND,ND,ND,ND,ND,ND,IN,IN,ND
"Lewiston-Auburn, ME",107702,30340,ND,ND,ND,ND,0.059,26,4.5,13,ND
"Lexington-Fayette, KY",472099,30460,ND,ND,6,43,0.065,27,7.9,18,5
"Lima, OH",106331,30620,ND,ND,ND,ND,0.067,ND,7.1,17,4
"Lincoln, NE",302157,30700,ND,ND,ND,ND,0.055,ND,6,15,ND
"Little Rock-North Little Rock-Conway, AR",699757,30780,1,ND,7,40,0.064,34,9.6,30,6
"Logan, UT-ID",125442,30860,ND,ND,5,33,0.063,ND,7.7,30,ND
"London, KY",126369,30940,ND,ND,ND,ND,ND,ND,IN,IN,ND
"Longview, TX",214369,30980,ND,ND,3,17,0.064,ND,IN,IN,77
"Longview, WA",102410,31020,ND,ND,ND,ND,ND,ND,IN,IN,ND
"Los Angeles-Long Beach-Anaheim, CA",12828837,31080,3,0.04,25,76,0.095,92,12.1,33,4
"Louisville/Jefferson County, KY-IN",1235708,31140,1,ND,14,48,0.072,61,9.8,22,12
"Lubbock, TX",290805,31180,ND,ND,ND,ND,ND,ND,5.6,22,ND
"Ludington, MI",28705,31220,ND,ND,ND,ND,0.066,ND,ND,ND,ND
"Lumberton, NC",134168,31300,ND,ND,ND,ND,ND,ND,IN,IN,ND
"Lynchburg, VA",252634,31340,ND,ND,ND,ND,ND,ND,5.7,12,ND
"Macon, GA",232293,31420,ND,ND,ND,ND,0.057,ND,8.8,20,3
"Madera, CA",150865,31460,ND,ND,6,28,0.078,131,10.4,32,ND
"Madison, WI",605435,31540,ND,ND,ND,ND,0.062,63,8.3,22,1
"Manchester-Nashua, NH",400721,31700,0,ND,ND,ND,0.062,ND,4.1,10,IN
"Manitowoc, WI",81442,31820,ND,ND,ND,ND,0.081,ND,IN,IN,ND
"Mankato-North Mankato, MN",96740,31860,ND,ND,ND,ND,ND,ND,IN,IN,ND
"Marietta, OH",61778,31930,ND,0,ND,ND,0.06,ND,ND,ND,24
"Marion, NC",44996,32000,ND,ND,ND,ND,ND,ND,IN,IN,ND
"Marion, OH",66501,32020,ND,0.01,ND,ND,ND,ND,ND,ND,ND
"Marshall, MN",25857,32140,ND,ND,ND,ND,0.058,ND,6.5,20,ND
"Marshall, TX",65631,32220,ND,ND,2,IN,0.065,ND,IN,IN,20
"Mason City, IA",51749,32380,ND,ND,ND,ND,ND,48,IN,IN,ND
"Mayagüez, PR",106330,32420,ND,ND,ND,ND,0.038,ND,IN,IN,ND
"McAlester, OK",45837,32540,ND,0.01,ND,ND,0.064,ND,8.8,25,ND
"McAllen-Edinburg-Mission, TX",774769,32580,ND,ND,ND,ND,0.063,52,9.5,29,ND
"Medford, OR",203206,32780,ND,ND,ND,ND,0.066,51,IN,IN,ND
"Memphis, TN-MS-AR",1324829,32820,1,ND,9,41,0.075,104,9.1,20,3
"Merced, CA",255793,32900,ND,ND,7,32,0.072,95,10.5,31,ND
"Meridian, MS",107449,32940,ND,ND,ND,ND,0.059,ND,IN,IN,ND
"Miami, OK",31848,33060,ND,0.02,ND,ND,0.07,56,IN,IN,ND
"Miami-Fort Lauderdale-West Palm Beach, FL",5564635,33100,1,ND,13,51,0.068,104,9.4,22,2
"Michigan City-La Porte, IN",111467,33140,ND,ND,ND,ND,0.068,ND,7.9,19,ND
"Middlesborough, KY",28691,33180,ND,ND,ND,ND,0.06,ND,9.6,21,ND
"Milwaukee-Waukesha-West Allis, WI",1555908,33340,1,ND,12,41,0.074,84,9,24,4
"Minneapolis-St. Paul-Bloomington, MN-WI",3348859,33460,2,0.1,12,46,0.061,118,7.7,19,15
"Minot, ND",69540,33500,ND,ND,2,10,0.053,ND,5.8,14,7
"Missoula, MT",109299,33540,ND,ND,ND,ND,0.056,129,10.8,36,ND
"Mobile, AL",412992,33660,ND,ND,ND,ND,0.061,ND,IN,IN,11
"Modesto, CA",514453,33700,1,ND,9,38,0.077,121,13.4,36,ND
"Monroe, LA",176441,33740,ND,ND,ND,ND,0.06,ND,7.8,19,ND
"Monroe, MI",152021,33780,ND,ND,ND,ND,ND,168,IN,IN,ND
"Montgomery, AL",374536,33860,ND,ND,ND,ND,0.06,24,7.8,18,ND
"Morehead City, NC",66469,33980,ND,ND,ND,ND,0.058,ND,ND,ND,ND
"Morgantown, WV",129709,34060,ND,ND,ND,ND,0.057,ND,7,14,11
"Morristown, TN",113951,34100,ND,ND,ND,ND,0.061,ND,ND,ND,ND
"Moscow, ID",37244,34140,ND,ND,ND,ND,ND,ND,IN,IN,ND
"Moses Lake, WA",89120,34180,ND,ND,ND,ND,ND,ND,IN,IN,ND
"Mount Pleasant, TX",32334,34420,ND,ND,ND,ND,ND,ND,ND,ND,17
"Mount Vernon, IL",38827,34500,ND,ND,ND,ND,0.064,ND,8.2,19,ND
"Mount Vernon, OH",60921,34540,ND,ND,ND,ND,0.064,ND,ND,ND,ND
"Mount Vernon-Anacortes, WA",116901,34580,ND,ND,ND,ND,0.057,ND,5.6,14,IN
"Muncie, IN",117671,34620,ND,0.04,ND,ND,0.068,ND,7.5,18,ND
"Muscatine, IA",42745,34700,ND,ND,ND,ND,ND,59,7.6,17,27
"Muskegon, MI",172188,34740,ND,ND,ND,ND,0.082,ND,IN,IN,ND
"Muskogee, OK",70990,34780,ND,ND,ND,ND,ND,ND,IN,IN,ND
"Myrtle Beach-Conway-North Myrtle Beach, SC-NC",376722,34820,ND,ND,ND,ND,0.061,ND,IN,IN,ND
"Napa, CA",136484,34900,ND,ND,ND,ND,ND,ND,IN,IN,ND
"Naples-Immokalee-Marco Island, FL",321520,34940,ND,ND,ND,ND,0.055,ND,ND,ND,ND
"Nashville-Davidson--Murfreesboro--Franklin, TN",1670890,34980,2,ND,13,53,0.067,80,9.3,23,3
"Natchez, MS-LA",53119,35020,ND,ND,ND,ND,ND,ND,IN,IN,ND
"New Castle, IN",49462,35220,ND,ND,ND,ND,ND,ND,IN,IN,ND
"New Castle, PA",91108,35260,ND,0.02,ND,ND,0.063,ND,ND,ND,ND
"New Haven-Milford, CT",862477,35300,1,ND,12,44,0.076,50,7.7,19,2
"New Orleans-Metairie, LA",1189866,35380,1,0.02,9,50,0.066,98,8.6,18,63
"New York-Newark-Jersey City, NY-NJ-PA",19567410,35620,2,ND,20,63,0.074,27,8.7,21,11
"Niles-Benton Harbor, MI",156813,35660,ND,ND,ND,ND,0.074,ND,IN,IN,ND
"Nogales, AZ",47420,35700,ND,ND,ND,ND,ND,104,9.6,28,ND
"North Platte, NE",37590,35820,ND,ND,ND,ND,ND,ND,IN,IN,ND
"North Port-Sarasota-Bradenton, FL",702281,35840,ND,ND,ND,ND,0.064,48,IN,IN,7
"Norwich-New London, CT",274055,35980,ND,ND,ND,ND,0.071,27,6.5,14,ND
"Ocala, FL",331298,36100,ND,ND,ND,ND,0.063,ND,IN,IN,ND
"Odessa, TX",137130,36220,ND,ND,ND,ND,ND,ND,7.5,20,ND
"Ogden-Clearfield, UT",597159,36260,1,ND,12,50,0.075,129,6.9,27,ND
"Ogdensburg-Massena, NY",111944,36300,ND,ND,ND,ND,ND,ND,IN,IN,77
"Oklahoma City, OK",1252987,36420,1,ND,13,44,0.073,110,9.5,22,1
"Olympia-Tumwater, WA",252264,36500,ND,ND,ND,ND,0.055,ND,IN,IN,ND
"Omaha-Council Bluffs, NE-IA",865350,36540,1,0.12,ND,ND,0.063,94,7.5,19,46
"Orangeburg, SC",92501,36700,ND,ND,ND,ND,ND,ND,IN,IN,ND
"Orlando-Kissimmee-Sanford, FL",2134411,36740,1,ND,IN,IN,0.066,48,7.5,16,IN
"Oshkosh-Neenah, WI",166994,36780,ND,ND,ND,ND,ND,ND,IN,IN,ND
"Othello, WA",18728,36830,ND,ND,ND,ND,ND,ND,IN,IN,ND
"Ottawa-Peru, IL",154908,36860,ND,ND,ND,ND,ND,ND,IN,IN,5
"Owensboro, KY",114752,36980,ND,ND,5,30,0.067,ND,8.6,21,8
"Oxford, NC",59916,37080,ND,ND,ND,ND,0.062,ND,ND,ND,ND
"Oxnard-Thousand Oaks-Ventura, CA",823318,37100,ND,ND,6,30,0.078,53,8.2,17,ND
"Paducah, KY-IL",98762,37140,ND,ND,5,29,0.068,ND,9.5,27,11
"Pahrump, NV",43946,37220,ND,ND,ND,ND,ND,352,ND,ND,ND
"Palatka, FL",74364,37260,ND,ND,ND,ND,ND,66,ND,ND,49
"Palm Bay-Melbourne-Titusville, FL",543376,37340,ND,ND,ND,ND,0.061,67,7.4,16,ND
"Panama City, FL",184715,37460,ND,ND,ND,ND,0.059,ND,IN,IN,ND
"Parkersburg-Vienna, WV",92673,37620,ND,ND,ND,ND,0.062,ND,7.4,15,19
"Payson, AZ",53597,37740,ND,0.03,ND,ND,0.074,277,IN,IN,60
"Pensacola-Ferry Pass-Brent, FL",448991,37860,ND,ND,ND,ND,0.067,75,9.5,20,7
"Peoria, IL",379186,37900,ND,ND,ND,ND,0.065,ND,IN,IN,11
"Philadelphia-Camden-Wilmington, PA-NJ-DE-MD",5965343,37980,2,0.01,14,56,0.07,50,9.5,23,7
"Phoenix-Mesa-Scottsdale, AZ",4192887,38060,2,ND,26,61,0.081,431,11.1,33,5
"Picayune, MS",55834,38100,ND,ND,ND,ND,ND,ND,IN,IN,ND
"Pierre, SD",21361,38180,ND,ND,ND,ND,ND,ND,1.9,10,ND
"Pine Bluff, AR",100258,38220,ND,ND,ND,ND,ND,ND,IN,IN,ND
"Pittsburgh, PA",2356285,38300,3,0,9,40,0.066,55,11,34,69
"Pittsfield, MA",131219,38340,ND,ND,ND,ND,0.063,ND,5.8,15,ND
"Platteville, WI",51208,38420,ND,ND,ND,ND,ND,ND,8.2,21,ND
"Pocatello, ID",82839,38540,ND,ND,ND,ND,0.057,103,IN,IN,39
"Point Pleasant, WV-OH",58258,38580,ND,ND,ND,ND,ND,ND,ND,ND,40
"Ponca City, OK",46562,38620,ND,ND,ND,ND,ND,ND,8.6,21,10
"Ponce, PR",350480,38660,2,ND,ND,ND,ND,80,6.7,18,ND
"Port Angeles, WA",71404,38820,1,ND,ND,ND,0.05,ND,IN,IN,1
"Portland-South Portland, ME",514098,38860,IN,ND,6,IN,0.063,55,5.8,14,ND
"Portland-Vancouver-Hillsboro, OR-WA",2226009,38900,2,ND,10,31,0.067,39,7.7,29,3
"Port St. Lucie, FL",424107,38940,ND,ND,ND,ND,0.056,IN,IN,IN,ND
"Portsmouth, OH",79499,39020,ND,ND,ND,ND,ND,43,7.1,17,21
"Prescott, AZ",211033,39140,ND,ND,ND,ND,0.061,ND,IN,IN,ND
"Price, UT",21403,39220,ND,ND,3,16,0.06,ND,IN,IN,ND
"Prineville, OR",20978,39260,ND,ND,ND,ND,ND,ND,6.7,25,ND
"Providence-Warwick, RI-MA",1600852,39300,1,ND,6,39,0.075,21,6.4,17,3
"Provo-Orem, UT",526810,39340,1,ND,9,41,0.074,97,7,25,ND
"Pueblo, CO",159063,39380,ND,ND,ND,ND,ND,180,6.4,16,ND
"Pullman, WA",44776,39420,ND,ND,ND,ND,ND,ND,IN,IN,ND
"Quincy, IL-MO",77314,39500,ND,ND,ND,ND,0.056,ND,IN,IN,ND
"Raleigh, NC",1130490,39580,1,ND,8,35,0.064,28,8.7,18,2
"Rapid City, SD",134598,39660,ND,ND,5,32,0.063,133,7,21,1
"Reading, PA",411442,39740,ND,0.02,ND,ND,0.062,ND,8.2,21,3
"Red Bluff, CA",63463,39780,ND,ND,ND,ND,0.07,40,5.8,19,ND
"Redding, CA",177223,39820,ND,ND,ND,ND,0.071,34,5.9,22,ND
"Red Wing, MN",46183,39860,ND,ND,ND,ND,0.057,ND,ND,ND,ND
"Reno, NV",425417,39900,2,ND,12,47,0.066,192,10,74,3
"Richmond, VA",1208101,40060,1,ND,14,49,0.061,27,8,16,4
"Richmond-Berea, KY",99972,40080,ND,0.03,ND,ND,ND,ND,IN,IN,ND
"Riverside-San Bernardino-Ontario, CA",4224851,40140,1,0.01,29,67,0.105,1547,12.2,32,3
"Riverton, WY",40123,40180,ND,ND,3,4,0.063,87,5.8,15,51
"Roanoke, VA",308707,40220,1,ND,5,33,0.058,ND,7.4,16,IN
"Roanoke Rapids, NC",76790,40260,ND,ND,2,15,ND,ND,6.6,16,ND
"Rochester, MN",206877,40340,ND,ND,ND,ND,0.057,ND,6.5,20,ND
"Rochester, NY",1079671,40380,1,ND,7,IN,0.067,24,6.3,17,2
"Rockford, IL",349431,40420,ND,ND,ND,ND,0.066,ND,8.3,23,ND
"Rockland, ME",7297,40500,ND,ND,ND,ND,0.056,ND,ND,ND,ND
"Rock Springs, WY",43806,40540,ND,ND,3,30,0.061,149,4.3,10,8
"Rocky Mount, NC",152392,40580,ND,ND,ND,ND,0.061,ND,IN,IN,ND
"Rome, GA",96317,40660,ND,ND,ND,ND,ND,ND,IN,IN,ND
"Roseburg, OR",107667,40700,ND,ND,ND,ND,ND,ND,IN,IN,ND
"Roswell, NM",65645,40740,ND,ND,ND,ND,ND,ND,IN,IN,ND
"Russellville, AR",83939,40780,ND,ND,ND,ND,ND,ND,IN,IN,ND
"Rutland, VT",61642,40860,1,ND,6,33,0.054,24,7.2,18,2
"Sacramento--Roseville--Arden-Arcade, CA",2149127,40900,2,ND,8,44,0.075,96,10.3,44,IN
"Saginaw, MI",200169,40980,ND,ND,ND,ND,ND,ND,IN,IN,ND
"St. Cloud, MN",189093,41060,ND,ND,ND,ND,0.056,ND,IN,IN,ND
"St. George, UT",138115,41100,ND,ND,6,30,0.064,ND,5.1,13,ND
"St. Joseph, MO-KS",127329,41140,ND,ND,ND,ND,0.061,99,7.9,19,ND
"St. Louis, MO-IL",2787701,41180,1,0.04,10,45,0.076,175,10.2,24,44
"St. Marys, PA",13070,41260,ND,ND,ND,ND,0.06,ND,ND,ND,ND
"Salem, OH",107841,41400,ND,0.01,ND,ND,ND,33,ND,ND,ND
"Salem, OR",390738,41420,ND,ND,ND,ND,0.069,ND,IN,IN,ND
"Salina, KS",61697,41460,ND,0.04,ND,ND,ND,ND,ND,ND,ND
"Salinas, CA",415057,41500,1,ND,3,IN,0.054,62,5.2,13,ND
"Salisbury, MD-DE",373802,41540,ND,ND,ND,ND,0.054,ND,IN,IN,IN
"Salt Lake City, UT",1087873,41620,1,ND,18,53,0.076,152,9,32,5
"San Antonio-New Braunfels, TX",2142508,41700,1,ND,6,37,0.076,57,9.2,27,5
"San Diego-Carlsbad, CA",3095313,41740,1,0.01,15,50,0.079,196,9.3,17,1
"Sandpoint, ID",40877,41760,ND,ND,ND,ND,ND,100,IN,IN,ND
"Sanford, NC",57866,41820,ND,ND,ND,ND,ND,ND,IN,IN,ND
"San Francisco-Oakland-Hayward, CA",4335391,41860,2,ND,13,43,0.068,38,9.9,24,15
"San Jose-Sunnyvale-Santa Clara, CA",1836911,41940,2,0.04,13,44,0.066,74,10.1,27,2
"San Juan-Carolina-Caguas, PR",2350126,41980,19,ND,IN,IN,0.037,96,6.5,20,11
"San Luis Obispo-Paso Robles-Arroyo Grande, CA",269637,42020,ND,ND,2,17,0.069,100,9.1,23,3
"Santa Cruz-Watsonville, CA",262382,42100,ND,ND,ND,ND,0.047,ND,5.5,16,ND
"Santa Fe, NM",144170,42140,ND,ND,ND,ND,0.067,ND,2.9,15,ND
"Santa Maria-Santa Barbara, CA",423895,42200,1,ND,3,20,0.06,60,8,16,2
"Santa Rosa, CA",483878,42220,1,ND,4,25,0.05,36,6.4,17,ND
"Sault Ste. Marie, MI",38520,42300,ND,ND,ND,ND,ND,ND,IN,IN,ND
"Savannah, GA",347611,42340,ND,ND,ND,ND,0.058,ND,IN,IN,50
"Sayre, PA",62622,42380,ND,ND,IN,IN,0.059,ND,IN,IN,ND
"Scottsbluff, NE",38971,42420,ND,ND,ND,ND,ND,ND,3.2,9,ND
"Scranton--Wilkes-Barre--Hazleton, PA",563631,42540,1,ND,10,44,0.06,37,7.6,16,2
"Searcy, AR",77076,42620,ND,ND,ND,ND,ND,ND,IN,IN,ND
"Seattle-Tacoma-Bellevue, WA",3439809,42660,1,ND,16,54,0.075,33,12.2,69,3
"Sebastian-Vero Beach, FL",138028,42680,ND,ND,ND,ND,0.057,ND,ND,ND,ND
"Sebring, FL",98786,42700,ND,ND,ND,ND,0.058,ND,ND,ND,ND
"Seneca, SC",74273,42860,ND,ND,ND,ND,ND,ND,IN,IN,ND
"Sevierville, TN",89889,42940,ND,ND,ND,ND,0.064,ND,ND,ND,ND
"Shawnee, OK",69442,43060,ND,ND,ND,ND,ND,ND,IN,IN,ND
"Sheboygan, WI",115507,43100,ND,ND,ND,ND,0.077,ND,ND,ND,ND
"Shelton, WA",60699,43220,ND,ND,ND,ND,ND,ND,IN,IN,ND
"Sheridan, WY",29116,43260,ND,ND,ND,ND,0.029,55,IN,IN,ND
"Show Low, AZ",107449,43320,ND,ND,ND,ND,0.065,32,ND,ND,ND
"Shreveport-Bossier City, LA",439811,43340,ND,ND,ND,ND,0.065,77,9.7,20,4
"Sierra Vista-Douglas, AZ",131346,43420,ND,ND,ND,ND,0.065,124,IN,IN,ND
"Silver City, NM",29514,43500,ND,ND,ND,ND,ND,ND,IN,IN,ND
"Sioux City, IA-NE-SD",168563,43580,ND,ND,ND,ND,ND,ND,7,13,ND
"Sioux Falls, SD",228261,43620,1,ND,4,27,0.065,115,4.7,13,2
"Somerset, KY",63063,43700,ND,ND,ND,ND,0.058,ND,7.8,17,ND
"Somerset, PA",77742,43740,ND,ND,ND,ND,0.059,ND,ND,ND,ND
"Sonora, CA",55365,43760,ND,ND,ND,ND,0.061,ND,ND,ND,ND
"South Bend-Mishawaka, IN-MI",319224,43780,ND,ND,5,33,0.071,ND,9.6,24,ND
"Spartanburg, SC",313268,43900,ND,ND,ND,ND,0.063,ND,IN,IN,ND
"Spokane-Spokane Valley, WA",527753,44060,ND,ND,ND,ND,0.061,97,8.9,31,ND
"Springfield, IL",210170,44100,ND,ND,ND,ND,0.064,ND,8.7,19,ND
"Springfield, MA",621570,44140,ND,ND,10,40,0.067,14,6.5,16,1
"Springfield, MO",436712,44180,ND,ND,ND,ND,0.066,73,7.7,18,ND
"Springfield, OH",138333,44220,ND,ND,ND,ND,0.068,ND,IN,IN,ND
"State College, PA",153990,44300,ND,ND,4,29,0.06,ND,7.9,17,3
"Steamboat Springs, CO",23509,44460,ND,ND,ND,ND,ND,45,IN,IN,ND
"Stillwater, OK",77350,44660,ND,ND,ND,ND,ND,ND,IN,IN,ND
"Stockton-Lodi, CA",685306,44700,2,ND,8,39,0.062,93,10.2,35,ND
"Summerville, GA",26015,44900,ND,ND,ND,ND,0.061,ND,ND,ND,ND
"Syracuse, NY",662577,45060,ND,ND,ND,ND,0.056,ND,5.8,12,ND
"Tahlequah, OK",46987,45140,ND,ND,ND,ND,ND,ND,IN,IN,ND
"Talladega-Sylacauga, AL",93830,45180,ND,ND,ND,ND,ND,ND,IN,IN,ND
"Tallahassee, FL",367413,45220,0,ND,ND,ND,0.059,ND,7.2,15,3
"Tampa-St. Petersburg-Clearwater, FL",2783243,45300,1,0.12,9,34,0.067,53,8,16,71
"Taos, NM",32937,45340,ND,ND,ND,ND,ND,ND,4.6,18,ND
"Terre Haute, IN",172425,45460,ND,ND,ND,ND,0.068,ND,8.4,24,3
"Texarkana, TX-AR",149198,45500,ND,ND,ND,ND,ND,ND,10.3,24,ND
"The Dalles, OR",25213,45520,ND,ND,ND,ND,ND,ND,IN,IN,ND
"Toledo, OH",610001,45780,ND,0.03,ND,ND,0.07,ND,8.7,24,17
"Topeka, KS",233870,45820,ND,ND,ND,ND,0.059,95,IN,IN,ND
"Torrington, CT",189927,45860,0,ND,ND,ND,0.07,20,4.5,11,3
"Traverse City, MI",143372,45900,ND,ND,ND,ND,0.069,ND,IN,IN,ND
"Trenton, NJ",366513,45940,ND,ND,ND,ND,0.068,ND,7.8,16,ND
"Troy, AL",32899,45980,ND,0.22,ND,ND,ND,ND,ND,ND,ND
"Truckee-Grass Valley, CA",98764,46020,ND,ND,ND,ND,0.075,ND,IN,IN,ND
"Tucson, AZ",980263,46060,1,ND,7,37,0.071,198,6.3,13,2
"Tulsa, OK",937478,46140,1,ND,7,39,0.075,106,9,21,6
"Tupelo, MS",136268,46180,ND,ND,ND,ND,0.067,ND,IN,IN,ND
"Tuscaloosa, AL",230162,46220,ND,ND,ND,ND,0.06,ND,7.6,17,ND
"Twin Falls, ID",99604,46300,ND,ND,ND,ND,ND,ND,IN,IN,ND
"Tyler, TX",209714,46340,ND,ND,2,14,0.071,ND,ND,ND,ND
"Ukiah, CA",87841,46380,ND,ND,ND,ND,0.05,50,IN,IN,ND
"Urban Honolulu, HI",953207,46520,1,ND,IN,IN,0.044,45,3.7,8,63
"Utica-Rome, NY",299397,46540,ND,ND,ND,ND,ND,ND,IN,IN,ND
"Valdosta, GA",139588,46660,ND,ND,ND,ND,ND,ND,9.3,21,ND
"Vallejo-Fairfield, CA",413344,46700,2,ND,7,39,0.063,30,7.7,23,5
"Vermillion, SD",13864,46820,ND,ND,ND,ND,0.062,ND,6,14,ND
"Vernal, UT",32588,46860,ND,ND,4,30,0.064,ND,5.1,15,ND
"Vicksburg, MS",58377,46980,ND,ND,ND,ND,ND,ND,IN,IN,ND
"Victoria, TX",94003,47020,ND,ND,ND,ND,0.06,ND,ND,ND,ND
"Vincennes, IN",38440,47180,ND,ND,ND,ND,0.065,ND,IN,IN,ND
"Vineland-Bridgeton, NJ",156898,47220,ND,ND,6,32,0.061,ND,5.8,13,ND
"Vineyard Haven, MA",16535,47240,ND,ND,ND,ND,0.064,ND,ND,ND,ND
"Virginia Beach-Norfolk-Newport News, VA-NC",1676822,47260,1,ND,7,41,0.06,26,6.8,14,3
"Visalia-Porterville, CA",442179,47300,ND,ND,8,IN,0.086,124,14.9,41,ND
"Wabash, IN",32888,47340,ND,ND,ND,ND,0.068,ND,ND,ND,ND
"Waco, TX",252772,47380,1,ND,ND,ND,0.062,ND,IN,IN,7
"Walla Walla, WA",62859,47460,ND,ND,ND,ND,0.056,99,IN,IN,ND
"Walterboro, SC",5401,47500,ND,ND,ND,ND,ND,ND,IN,IN,ND
"Warner Robins, GA",179605,47580,ND,ND,ND,ND,ND,ND,8.7,20,ND
"Warren, PA",41815,47620,ND,ND,ND,ND,ND,ND,ND,ND,50
"Washington, NC",47759,47820,ND,ND,ND,ND,ND,ND,ND,ND,10
"Washington-Arlington-Alexandria, DC-VA-MD-WV",5636232,47900,2,ND,15,46,0.066,36,8.3,17,3
"Washington Court House, OH",29030,47920,ND,ND,ND,ND,0.051,ND,ND,ND,ND
"Waterloo-Cedar Falls, IA",167819,47940,ND,ND,ND,ND,0.056,ND,7.3,19,ND
"Watertown, SD",27227,47980,ND,ND,ND,ND,0.066,114,6.9,16,ND
"Watertown-Fort Atkinson, WI",83686,48020,ND,ND,ND,ND,0.063,ND,IN,IN,ND
"Watertown-Fort Drum, NY",116229,48060,ND,ND,ND,ND,0.059,ND,ND,ND,ND
"Wausau, WI",134063,48140,ND,ND,ND,ND,0.057,ND,ND,ND,ND
"Weatherford, OK",27469,48220,ND,ND,ND,ND,ND,ND,IN,IN,ND
"Weirton-Steubenville, WV-OH",124454,48260,ND,ND,ND,ND,0.062,54,9.8,22,36
"Wenatchee, WA",110884,48300,ND,ND,ND,ND,ND,ND,IN,IN,1
"West Plains, MO",40400,48460,ND,ND,ND,ND,ND,ND,IN,IN,ND
"Wheeling, WV-OH",147950,48540,ND,ND,6,31,0.056,49,10.1,31,8
"Whitewater-Elkhorn, WI",102228,48580,ND,ND,ND,ND,0.07,ND,ND,ND,ND
"Wichita, KS",630919,48620,ND,ND,6,29,0.072,128,9.1,23,3
"Williamsport, PA",116111,48700,ND,ND,ND,ND,0.055,ND,IN,IN,ND
"Williston, ND",22398,48780,ND,ND,ND,ND,ND,ND,IN,IN,7
"Willmar, MN",42239,48820,ND,ND,ND,ND,ND,ND,IN,IN,ND
"Wilmington, NC",254884,48900,ND,ND,ND,ND,0.058,40,5,12,ND
"Wilmington, OH",42040,48940,ND,ND,ND,ND,0.064,ND,ND,ND,ND
"Winchester, VA-WV",128472,49020,ND,ND,ND,ND,0.055,42,7.7,19,ND
"Winona, MN",51461,49100,ND,ND,ND,ND,ND,ND,IN,IN,ND
"Winston-Salem, NC",640595,49180,ND,ND,6,35,0.062,28,8.9,19,4
"Wisconsin Rapids-Marshfield, WI",74749,49220,ND,ND,ND,ND,ND,ND,IN,IN,ND
"Worcester, MA-CT",916980,49340,1,ND,10,48,0.064,45,8.6,18,2
"Yakima, WA",243231,49420,ND,ND,ND,ND,ND,80,9.6,29,ND
"York-Hanover, PA",434972,49620,ND,ND,9,39,0.064,ND,8.8,21,7
"Youngstown-Warren-Boardman, OH-PA",565773,49660,ND,ND,ND,ND,0.069,51,8.4,18,6
"Yuba City, CA",166892,49700,ND,ND,7,37,0.069,71,10.7,28,ND
"Yuma, AZ",195751,49740,ND,ND,ND,ND,0.068,234,8.3,23,ND
,,,,,,,,,,,
CO -  Second maximum non-overlapping 8-hour concentration (applicable NAAQS is 9 ppm),,,,,,,,,,,
Pb  -  Maximum rolling 3 month average (applicable NAAQS is 0.15 µg/m3),,,,,,,,,,,
NO2  (AM) -  Arithmetic mean concentration (applicable NAAQS is 53 ppb),,,,,,,,,,,
NO2  (1-hr)  -  98th percentile daily maximum 1-hour concentration (applicable NAAQS is 100 ppb),,,,,,,,,,,
O3  -  Fourth daily maximum 8-hour concentration (applicable NAAQS is 0.070 ppm),,,,,,,,,,,
PM10  -  Second maximum 24-hour concentration (applicable NAAQS is 150 µg/m3),,,,,,,,,,,
PM2.5  (Wtd AM)  -  Weighted annual mean concentration (applicable NAAQS is 12 µg/m3),,,,,,,,,,,
PM2.5  (24-hr)  -  98th percentile 24-hour concentration (applicable NAAQS is 35 µg/m3),,,,,,,,,,,
SO2  -  99th percentile daily maximum 1-hour concentration (applicable NAAQS is 75 ppb),,,,,,,,,,,
ND  -  No Data,,,,,,,,,,,
IN  -  Insufficient data to calculate summary statistic,,,,,,,,,,,
µg/m3  -  micrograms per cubic meter,,,,,,,,,,,
ppm  -  parts per million,,,,,,,,,,,
ppb  -  parts per billion,,,,,,,,,,,