Date,Name,Year,Letterboxd URI
2020-08-22,Beanpole,2019,https://boxd.it/iK9S
2020-08-22,Monos,2019,https://boxd.it/eJGe
2020-11-17,The Platform,2019,https://boxd.it/mUm6
2021-05-01,Chinatown,1974,https://boxd.it/29vU
2021-05-01,Being John Malkovich,1999,https://boxd.it/2ahu
2021-05-01,The Wolf of Wall Street,2013,https://boxd.it/3C1m
2021-05-01,Un Chien Andalou,1929,https://boxd.it/29Y8
2021-05-01,Eternal Sunshine of the Spotless Mind,2004,https://boxd.it/6YK
2021-05-01,Once Upon a Time in the West,1968,https://boxd.it/2az4
2021-05-01,Pan's Labyrinth,2006,https://boxd.it/28No
2021-05-01,Incitement,2019,https://boxd.it/n3vc
2021-05-01,Les Misérables,2019,https://boxd.it/lAPA
2021-05-01,Life of Pi,2012,https://boxd.it/37pC
2021-05-01,Reservoir Dogs,1992,https://boxd.it/2agc
2021-05-01,Pulp Fiction,1994,https://boxd.it/29Pq
2021-05-01,Jackie Brown,1997,https://boxd.it/2aVO
2021-05-01,Kill Bill: Vol. 1,2003,https://boxd.it/70w
2021-05-01,Once Upon a Time… in Hollywood,2019,https://boxd.it/gH0O
2021-05-01,Inglourious Basterds,2009,https://boxd.it/1JzG
2021-05-01,Django Unchained,2012,https://boxd.it/2cCk
2021-05-01,Kill Bill: Vol. 2,2004,https://boxd.it/2au4
2021-05-01,Bonnie and Clyde,1967,https://boxd.it/2ajg
2021-05-01,Her,2013,https://boxd.it/4O24
2021-05-01,I'm Thinking of Ending Things,2020,https://boxd.it/i4IQ
2021-05-01,Save Ralph,2021,https://boxd.it/ux2o
2021-05-01,Borat Subsequent Moviefilm,2020,https://boxd.it/rNS0
2021-05-01,The Trial of the Chicago 7,2020,https://boxd.it/kn3w
2021-05-01,Knives Out,2019,https://boxd.it/jWEA
2021-05-01,Joker,2019,https://boxd.it/h4cS
2021-05-01,Uncut Gems,2019,https://boxd.it/gXGc
2021-05-01,Parasite,2019,https://boxd.it/hTha
2021-05-01,The Lighthouse,2019,https://boxd.it/icFU
2021-05-01,Bohemian Rhapsody,2018,https://boxd.it/f1TK
2021-05-01,Eighth Grade,2018,https://boxd.it/hDMG
2021-05-01,Star Wars: The Last Jedi,2017,https://boxd.it/5xme
2021-05-01,Black Panther,2018,https://boxd.it/8MHs
2021-05-01,Avengers: Infinity War,2018,https://boxd.it/9vEe
2021-05-01,Solo: A Star Wars Story,2018,https://boxd.it/bGWs
2021-05-01,It,2017,https://boxd.it/bC8e
2021-05-01,Rogue One: A Star Wars Story,2016,https://boxd.it/aPvy
2021-05-01,Moana,2016,https://boxd.it/8tfY
2021-05-01,Fantastic Beasts and Where to Find Them,2016,https://boxd.it/7FPC
2021-05-01,Doctor Strange,2016,https://boxd.it/8MH8
2021-05-01,The Edge of Seventeen,2016,https://boxd.it/d5nu
2021-05-01,The Founder,2016,https://boxd.it/9XwM
2021-05-01,Sully,2016,https://boxd.it/cD8Q
2021-05-01,Suicide Squad,2016,https://boxd.it/9row
2021-05-01,Central Intelligence,2016,https://boxd.it/9DFE
2021-05-01,Finding Dory,2016,https://boxd.it/4aAA
2021-05-01,Piper,2016,https://boxd.it/dZaG
2021-05-01,Captain America: Civil War,2016,https://boxd.it/89Ja
2021-05-01,Batman v Superman: Dawn of Justice,2016,https://boxd.it/6fBW
2021-05-01,Deadpool,2016,https://boxd.it/9fOC
2021-05-01,The Lobster,2015,https://boxd.it/7tnw
2021-05-01,Mad Max: Fury Road,2015,https://boxd.it/2DjO
2021-05-01,Avengers: Age of Ultron,2015,https://boxd.it/3qi6
2021-05-01,San Andreas,2015,https://boxd.it/7sUa
2021-05-01,Jurassic World,2015,https://boxd.it/4n0g
2021-05-01,The Good Dinosaur,2015,https://boxd.it/3AD4
2021-05-01,Jaws,1975,https://boxd.it/2a5e
2021-05-01,Monty Python and the Holy Grail,1975,https://boxd.it/29GI
2021-05-01,Life of Brian,1979,https://boxd.it/2a4q
2021-05-01,A Clockwork Orange,1971,https://boxd.it/2aVE
2021-05-01,Star Wars,1977,https://boxd.it/72s
2021-05-01,Airplane!,1980,https://boxd.it/29yu
2021-05-01,The Shining,1980,https://boxd.it/29Nu
2021-05-01,The Empire Strikes Back,1980,https://boxd.it/27Vw
2021-05-01,Ghostbusters,1984,https://boxd.it/g2w
2021-05-01,The Karate Kid,1984,https://boxd.it/27Wk
2021-05-01,Back to the Future,1985,https://boxd.it/2b8e
2021-05-01,Dead Poets Society,1989,https://boxd.it/2aSg
2021-05-01,Ghostbusters II,1989,https://boxd.it/261s
2021-05-01,Batman,1989,https://boxd.it/2aIU
2021-05-01,The Truman Show,1998,https://boxd.it/18U8
2021-05-01,Jurassic Park,1993,https://boxd.it/2aA2
2021-05-01,Groundhog Day,1993,https://boxd.it/2b3e
2021-05-01,Forrest Gump,1994,https://boxd.it/728
2021-05-01,The Next Karate Kid,1994,https://boxd.it/1Uja
2021-05-01,Dumb and Dumber,1994,https://boxd.it/206m
2021-05-01,The Silence of the Lambs,1991,https://boxd.it/2aHW
2021-05-01,Journey to the Center of the Earth,2008,https://boxd.it/38EI
2021-05-01,Bee Movie,2007,https://boxd.it/22Vw
2021-05-01,Fantastic Mr. Fox,2009,https://boxd.it/1WyQ
2021-05-01,Superbad,2007,https://boxd.it/20hO
2021-05-01,Horton Hears a Who!,2008,https://boxd.it/1SfA
2021-05-01,Bedtime Stories,2008,https://boxd.it/1WPM
2021-05-01,Cloudy with a Chance of Meatballs,2009,https://boxd.it/1A40
2021-05-01,Harry Potter and the Order of the Phoenix,2007,https://boxd.it/29Qe
2021-05-01,No Country for Old Men,2007,https://boxd.it/21ew
2021-05-01,Spider-Man 3,2007,https://boxd.it/2a7Y
2021-05-01,The 40 Year Old Virgin,2005,https://boxd.it/21hK
2021-05-01,Harry Potter and the Goblet of Fire,2005,https://boxd.it/29Qo
2021-05-01,Hot Fuzz,2007,https://boxd.it/2416
2021-05-01,Pirates of the Caribbean: The Curse of the Black Pearl,2003,https://boxd.it/70G
2021-05-01,The Revenant,2015,https://boxd.it/8H5e
2021-05-01,The Grand Budapest Hotel,2014,https://boxd.it/3ZqO
2021-05-01,Moonrise Kingdom,2012,https://boxd.it/2Wng
2021-05-01,Isle of Dogs,2018,https://boxd.it/dZrW
2021-05-01,Burn After Reading,2008,https://boxd.it/23BW
2021-05-01,"Hail, Caesar!",2016,https://boxd.it/881G
2021-05-01,True Grit,2010,https://boxd.it/Sog
2021-05-01,The Ballad of Buster Scruggs,2018,https://boxd.it/jB2q
2021-05-01,Bacurau,2019,https://boxd.it/fSUG
2021-05-01,The Departed,2006,https://boxd.it/28MA
2021-05-01,Hugo,2011,https://boxd.it/R08
2021-05-01,The Aviator,2004,https://boxd.it/26BU
2021-05-01,Interstellar,2014,https://boxd.it/4VZ8
2021-05-01,Dunkirk,2017,https://boxd.it/d0Y6
2021-05-01,The Dark Knight,2008,https://boxd.it/2b0k
2021-05-01,Inception,2010,https://boxd.it/1skk
2021-05-01,Batman Begins,2005,https://boxd.it/2aIg
2021-05-01,Following,1998,https://boxd.it/1Tj4
2021-05-01,Creep 2,2017,https://boxd.it/dSEO
2021-05-01,The Social Network,2010,https://boxd.it/17ue
2021-05-01,Se7en,1995,https://boxd.it/29zs
2021-05-01,Zodiac,2007,https://boxd.it/27MO
2021-05-01,The Curious Case of Benjamin Button,2008,https://boxd.it/23Fk
2021-05-01,Mank,2020,https://boxd.it/mIuC
2021-05-01,Into the Wild,2007,https://boxd.it/22m2
2021-05-01,Hunt for the Wilderpeople,2016,https://boxd.it/cTgG
2021-05-01,Thor: Ragnarok,2017,https://boxd.it/8MHi
2021-05-01,Rain Man,1988,https://boxd.it/2avw
2021-05-01,The Irishman,2019,https://boxd.it/dYOq
2021-05-04,There Will Be Blood,2007,https://boxd.it/20Z2
2021-05-04,Lincoln,2012,https://boxd.it/2n2s
2021-05-04,Raiders of the Lost Ark,1981,https://boxd.it/2bbs
2021-05-04,E.T. the Extra-Terrestrial,1982,https://boxd.it/2a1G
2021-05-04,The Post,2017,https://boxd.it/fTeG
2021-05-04,The Lost World: Jurassic Park,1997,https://boxd.it/2azS
2021-05-04,Bridge of Spies,2015,https://boxd.it/9n9C
2021-05-04,The Adventures of Tintin,2011,https://boxd.it/1Irc
2021-05-04,War Horse,2011,https://boxd.it/nf8
2021-05-04,Gangs of New York,2002,https://boxd.it/25FG
2021-05-04,The Big Shave,1967,https://boxd.it/HO8
2021-05-04,True Romance,1993,https://boxd.it/2aBa
2021-05-05,The Informant!,2009,https://boxd.it/1U8c
2021-05-05,Ocean's Eleven,2001,https://boxd.it/2aZm
2021-05-05,Logan Lucky,2017,https://boxd.it/dZrs
2021-05-05,Contagion,2011,https://boxd.it/13rq
2021-05-05,Good Will Hunting,1997,https://boxd.it/2ahY
2021-05-05,Hidden Figures,2016,https://boxd.it/dgS4
2021-05-05,The Theory of Everything,2014,https://boxd.it/7YtA
2021-05-05,Snowpiercer,2013,https://boxd.it/3Icg
2021-05-05,Drive,2011,https://boxd.it/IG
2021-05-05,Apocalypse Now,1979,https://boxd.it/6ZS
2021-05-05,La La Land,2016,https://boxd.it/a5fa
2021-05-05,Ratatouille,2007,https://boxd.it/27ww
2021-05-05,Super 8,2011,https://boxd.it/dVI
2021-05-06,Citizen Kane,1941,https://boxd.it/71O
2021-05-06,Raging Bull,1980,https://boxd.it/28yI
2021-05-06,Under the Skin,2013,https://boxd.it/3mDa
2021-05-06,Modern Times,1936,https://boxd.it/25MC
2021-05-06,In Bruges,2008,https://boxd.it/20n8
2021-05-06,Get Out,2017,https://boxd.it/eOCm
2021-05-06,RoboCop,1987,https://boxd.it/22Wu
2021-05-06,Planet of the Apes,1968,https://boxd.it/29p8
2021-05-06,Neon Genesis Evangelion: The End of Evangelion,1997,https://boxd.it/1GRM
2021-05-06,Shaun of the Dead,2004,https://boxd.it/29J8
2021-05-06,The Gold Rush,1925,https://boxd.it/29ce
2021-05-06,Nightcrawler,2014,https://boxd.it/780m
2021-05-06,Moon,2009,https://boxd.it/1IGQ
2021-05-06,Up,2009,https://boxd.it/1OEc
2021-05-06,Lady Bird,2017,https://boxd.it/dGNE
2021-05-06,Return of the Jedi,1983,https://boxd.it/27Vm
2021-05-06,District 9,2009,https://boxd.it/1Iik
2021-05-06,Hell or High Water,2016,https://boxd.it/bfGM
2021-05-06,The Fifth Element,1997,https://boxd.it/71k
2021-05-06,The Hurt Locker,2008,https://boxd.it/1Soi
2021-05-06,How to Train Your Dragon,2010,https://boxd.it/1WRy
2021-05-06,Gravity,2013,https://boxd.it/GZY
2021-05-06,Edge of Tomorrow,2014,https://boxd.it/4pD0
2021-05-06,Swiss Army Man,2016,https://boxd.it/bDG2
2021-05-11,Safety Not Guaranteed,2012,https://boxd.it/2Y3M
2021-05-11,Scott Pilgrim vs. the World,2010,https://boxd.it/1Aq6
2021-05-11,The Hunger Games,2012,https://boxd.it/2uds
2021-05-11,The Lost City of Z,2016,https://boxd.it/a7jS
2021-05-11,Guardians of the Galaxy Vol. 2,2017,https://boxd.it/8MxC
2021-05-11,Spider-Man: Into the Spider-Verse,2018,https://boxd.it/azpY
2021-05-11,Avengers: Endgame,2019,https://boxd.it/9vE4
2021-05-11,Arrival,2016,https://boxd.it/aNGk
2021-05-11,Star Wars: The Force Awakens,2015,https://boxd.it/4vru
2021-05-11,Inside Out,2015,https://boxd.it/4KHC
2021-05-11,Spider-Man: Homecoming,2017,https://boxd.it/aboM
2021-05-11,A Quiet Place,2018,https://boxd.it/fVJQ
2021-05-11,The Lord of the Rings: The Fellowship of the Ring,2001,https://boxd.it/2b5O
2021-05-11,BlacKkKlansman,2018,https://boxd.it/hxL8
2021-05-11,The Avengers,2012,https://boxd.it/1xFW
2021-05-11,Logan,2017,https://boxd.it/7Piy
2021-05-11,Spider-Man: Far from Home,2019,https://boxd.it/fegG
2021-05-11,WALL·E,2008,https://boxd.it/1VEo
2021-05-11,The Martian,2015,https://boxd.it/8SeG
2021-05-11,Captain America: The Winter Soldier,2014,https://boxd.it/3r58
2021-05-11,Iron Man,2008,https://boxd.it/28dA
2021-05-11,Toy Story,1995,https://boxd.it/29qA
2021-05-11,The Dark Knight Rises,2012,https://boxd.it/H3m
2021-05-11,Wonder Woman,2017,https://boxd.it/9roG
2021-05-11,The Incredibles,2004,https://boxd.it/1XLm
2021-05-11,The Hateful Eight,2015,https://boxd.it/8gw8
2021-05-11,Finding Nemo,2003,https://boxd.it/72i
2021-05-11,Harry Potter and the Prisoner of Azkaban,2004,https://boxd.it/29Qy
2021-05-11,The Lion King,1994,https://boxd.it/201Q
2021-05-11,Harry Potter and the Philosopher's Stone,2001,https://boxd.it/29QS
2021-05-11,Deadpool 2,2018,https://boxd.it/dlLM
2021-05-11,Toy Story 4,2019,https://boxd.it/9ALu
2021-05-11,Avatar,2009,https://boxd.it/1Efm
2023-11-22,Baghead,2008,https://boxd.it/22C0
2023-11-22,Rear Window,1954,https://boxd.it/2a6Q
2023-11-22,Drylongso,1998,https://boxd.it/aMZA
2023-11-22,Searching,2018,https://boxd.it/hDPg
2023-11-22,Léon: The Professional,1994,https://boxd.it/2b8S
2023-11-22,Taxi Driver,1976,https://boxd.it/2b8y
2023-11-22,Rashomon,1950,https://boxd.it/2a9K
2023-11-22,Fight Club,1999,https://boxd.it/2a9q
2023-11-22,Blade Runner,1982,https://boxd.it/2bcA
2023-11-22,Blade Runner 2049,2017,https://boxd.it/b8wK
2023-11-22,The Godfather,1972,https://boxd.it/2aNK
2023-11-22,The Godfather: Part II,1974,https://boxd.it/2aNq
2023-11-22,Y Tu Mamá También,2001,https://boxd.it/28QM
2023-11-22,Fargo,1996,https://boxd.it/2aHM
2023-11-22,L.A. Confidential,1997,https://boxd.it/27oC
2023-11-22,Baby Driver,2017,https://boxd.it/bhF2
2023-11-22,Shutter Island,2010,https://boxd.it/1U82
2023-11-22,Catch Me If You Can,2002,https://boxd.it/29VS
2023-11-22,Do the Right Thing,1989,https://boxd.it/29gA
2023-11-22,The Royal Tenenbaums,2001,https://boxd.it/1YHU
2023-11-22,The Darjeeling Limited,2007,https://boxd.it/24as
2024-01-03,We're All Going to the World's Fair,2021,https://boxd.it/tbmY
2024-01-03,Ferrari,2023,https://boxd.it/cEtq
2024-01-03,"Monsters, Inc.",2001,https://boxd.it/2a46
2024-01-03,Oppenheimer,2023,https://boxd.it/wUow
2024-01-03,The Menu,2022,https://boxd.it/lScm
2024-01-03,Air,2023,https://boxd.it/Arlc
2024-01-03,Barbie,2023,https://boxd.it/bCLK
2024-01-03,The Killing of a Sacred Deer,2017,https://boxd.it/dZ5G
2024-01-03,Vivarium,2019,https://boxd.it/gmVE
2024-01-03,Call Me by Your Name,2017,https://boxd.it/dYmm
2024-01-03,Jojo Rabbit,2019,https://boxd.it/iEBG
2024-01-03,1917,2019,https://boxd.it/jj4y
2024-01-03,John Wick,2014,https://boxd.it/7dEc
2024-01-03,The Nice Guys,2016,https://boxd.it/94Hg
2024-01-03,The Florida Project,2017,https://boxd.it/dMG0
2024-01-03,Big Hero 6,2014,https://boxd.it/5rje
2024-01-03,Train to Busan,2016,https://boxd.it/dSQU
2024-01-03,John Wick: Chapter 2,2017,https://boxd.it/ayGu
2024-01-03,The Big Short,2015,https://boxd.it/ajZw
2024-01-03,It Chapter Two,2019,https://boxd.it/h10u
2024-01-03,"Crazy, Stupid, Love.",2011,https://boxd.it/D9A
2024-01-03,The Lego Movie,2014,https://boxd.it/4pDO
2024-01-03,21 Jump Street,2012,https://boxd.it/J0
2024-01-03,Green Book,2018,https://boxd.it/hErk
2024-01-03,Skyfall,2012,https://boxd.it/17Fc
2024-01-03,X-Men: Days of Future Past,2014,https://boxd.it/4aRw
2024-01-03,Now You See Me,2013,https://boxd.it/2Bsu
2024-01-03,Hacksaw Ridge,2016,https://boxd.it/azew
2024-01-03,Monsters University,2013,https://boxd.it/bQm
2024-01-03,Mission: Impossible – Fallout,2018,https://boxd.it/bSVc
2024-01-03,Megamind,2010,https://boxd.it/16Sk
2024-01-03,The Hobbit: An Unexpected Journey,2012,https://boxd.it/GZk
2024-01-03,Sorry to Bother You,2018,https://boxd.it/f21E
2024-01-03,Moneyball,2011,https://boxd.it/glS
2024-01-03,The Farewell,2019,https://boxd.it/kIky
2024-01-03,World War Z,2013,https://boxd.it/2p2E
2024-01-03,Ted,2012,https://boxd.it/2pgc
2024-01-03,El Camino: A Breaking Bad Movie,2019,https://boxd.it/kv0q
2024-01-03,Rango,2011,https://boxd.it/QPk
2024-01-03,The Secret Life of Walter Mitty,2013,https://boxd.it/3SWy
2024-01-03,Ralph Breaks the Internet,2018,https://boxd.it/edAy
2024-01-03,Dawn of the Planet of the Apes,2014,https://boxd.it/3XyQ
2024-01-03,Creep,2014,https://boxd.it/7l4c
2024-01-03,Project X,2012,https://boxd.it/neO
2024-01-03,Despicable Me 2,2013,https://boxd.it/3gg0
2024-01-03,Vice,2018,https://boxd.it/fcFY
2024-01-03,The Interview,2014,https://boxd.it/6KQ4
2024-01-03,Jumanji: The Next Level,2019,https://boxd.it/ixu4
2024-01-03,Hotel Transylvania,2012,https://boxd.it/2DF6
2024-01-03,Steve Jobs,2015,https://boxd.it/araG
2024-01-03,War Dogs,2016,https://boxd.it/9SlO
2024-01-03,Bumblebee,2018,https://boxd.it/f21O
2024-01-03,50/50,2011,https://boxd.it/10Tw
2024-01-03,The Invitation,2015,https://boxd.it/9OUU
2024-01-03,Percy Jackson & the Olympians: The Lightning Thief,2010,https://boxd.it/1gJi
2024-01-03,Limitless,2011,https://boxd.it/Aly
2024-01-03,Nerve,2016,https://boxd.it/aJIc
2024-01-03,The Other Guys,2010,https://boxd.it/1rtq
2024-01-03,Darkest Hour,2017,https://boxd.it/dZZa
2024-01-03,Horrible Bosses,2011,https://boxd.it/Ba2
2024-01-03,Star Trek Into Darkness,2013,https://boxd.it/uYE
2024-01-03,Set It Up,2018,https://boxd.it/dpik
2024-01-03,Transformers: Dark of the Moon,2011,https://boxd.it/16aC
2024-01-03,House of Gucci,2021,https://boxd.it/nVkC
2024-01-03,The Death of Stalin,2017,https://boxd.it/ea9Y
2024-01-03,The French Dispatch,2021,https://boxd.it/jLP8
2024-01-03,The Banshees of Inisherin,2022,https://boxd.it/p7XS
2024-01-03,Midnight in Paris,2011,https://boxd.it/i4a
2024-01-03,Magnolia,1999,https://boxd.it/2aze
2024-01-03,Requiem for a Dream,2000,https://boxd.it/29VI
2024-01-03,Full Metal Jacket,1987,https://boxd.it/2a1Q
2024-01-03,GoodFellas,1990,https://boxd.it/29FA
2024-01-03,La Jetée,1962,https://boxd.it/29Sk
2024-01-03,Neon Genesis Evangelion,1995,https://boxd.it/ptEI
2024-01-03,22 Jump Street,2014,https://boxd.it/5Fvy
2024-01-03,Shaolin Soccer,2001,https://boxd.it/1T86
2024-01-04,Top Gun: Maverick,2022,https://boxd.it/cjr4
2024-01-04,Don't Look Up,2021,https://boxd.it/o0Hc
2024-01-04,Office Space,1999,https://boxd.it/28Em
2024-01-14,Hustle,2022,https://boxd.it/qpig
2024-01-14,American Hustle,2013,https://boxd.it/5dz8
2024-01-14,Malcolm X,1992,https://boxd.it/27WE
2024-01-15,Saltburn,2023,https://boxd.it/z4eg
2024-01-28,Possession,1981,https://boxd.it/1BPm
2024-01-29,Ted 2,2015,https://boxd.it/6oCY
